MONTH,REVENUE
2011-11,1461756.2424829267
2011-10,1070704.6637893468
2011-09,1019687.6145212315
2010-12,748957.0175240934
2011-05,723333.5063029006
2011-06,691123.1159918569
2011-03,683267.0775260255
2011-08,682680.5073843151
2011-07,681300.1063726917
2011-01,560000.2572612464
2011-02,498062.648327291
2011-04,493207.11782066524
2011-12,433668.00760667026
