PRODUCT_ID,REVENUE
DOT,206245.48028597236
22423,164762.187789917
85123A,99846.97996354103
47566,98302.97931718826
85099B,92356.02857124805
23084,66756.58876943588
POST,66230.63996881247
22086,63791.9396007061
84879,58959.73188352585
79321,53768.05920791626
